{
  "version": 3,
  "configurePresets": [
    {
      "name": "Qt-Debug",
      "inherits": "Qt-Default",
      "binaryDir": "${sourceDir}/out/build",
      "cacheVariables": {
        "CMAKE_BUILD_TYPE": "Debug",
        "CMAKE_CXX_FLAGS": "-DQT_QML_DEBUG"
      },
      "environment": {
        "QML_DEBUG_ARGS": "-qmljsdebugger=file:{dd115da5-48f1-4883-83bf-03cf4ecb92d4},block"
      }
    },
    {
      "name": "Qt-Release",
      "inherits": "Qt-Default",
      "binaryDir": "${sourceDir}/out/build",
      "cacheVariables": {
        "CMAKE_BUILD_TYPE": "Release"
      }
    },
    {
      "hidden": true,
      "name": "Qt-Default",
      "inherits": "6.7.2_mingw_64",
      "vendor": {
        "qt-project.org/Default": {
          "checksum": "QflMgdR/Oro1LiNKFI4RccohDLM="
        }
      }
    },
    {
      "hidden": true,
      "name": "6.7.2_mingw_64",
      "inherits": "Qt",
      "environment": {
        "QTDIR": "E:/Qt/6.7.2/msvc2019_64"
      },
      "architecture": {
        "strategy": "external",
        "value": "x64"
      },
      "generator": "Ninja",
      "vendor": {
        "qt-project.org/Version": {
          "checksum": "asSwrGsnbwY2nHFsTF0gqVzb4ac="
        }
      }
    }
  ],
  "vendor": {
    "qt-project.org/Presets": {
      "checksum": "mpjzhSmP7GP4F+DJsb89C7UJwmA="
    }
  }
}